{
  "ask_project": {
    "precision": 0.90625,
    "recall": 1.0,
    "f1-score": 0.9508196721311475,
    "support": 29,
    "confused_with": {}
  },
  "greet": {
    "precision": 0.5,
    "recall": 0.9411764705882353,
    "f1-score": 0.6530612244897959,
    "support": 17,
    "confused_with": {
      "ask_project": 1
    }
  },
  "nlu_fallback": {
    "precision": 0.0,
    "recall": 0.0,
    "f1-score": 0.0,
    "support": 18,
    "confused_with": {
      "greet": 16,
      "ask_project": 2
    }
  },
  "accuracy": 0.703125,
  "macro avg": {
    "precision": 0.46875,
    "recall": 0.6470588235294118,
    "f1-score": 0.5346269655403145,
    "support": 64
  },
  "weighted avg": {
    "precision": 0.54345703125,
    "recall": 0.703125,
    "f1-score": 0.6043095516895283,
    "support": 64
  },
  "micro avg": {
    "precision": 0.703125,
    "recall": 0.703125,
    "f1-score": 0.703125,
    "support": 64
  }
}